{
  "gridstate": "array/gridstate.json",
  "seed": 0,
  "steps": 8,
  "rows": [
    {
      "t": 0,
      "n_cell": 513,
      "n_total": 4000,
      "n_match": 4000,
      "n_mismatch": 0,
      "n_cell_outside_morph": 0,
      "n_morph_without_cell": 0,
      "mean_match": 1.0,
      "morphological_health": 1.0,
      "atp_mean": 48708.87329434698,
      "atp_min": 373.0,
      "atp_max": 99849.0,
      "frac_atp_lt1": 0.0,
      "glucose_mean": 75.97465886939571,
      "glucose_min": 50.0,
      "damage_mean": 0.4851558630656066,
      "damage_max": 0.9998384714126587,
      "atp_generated_mean": 75.97465886939571,
      "atp_generated_max": 100.0
    },
    {
      "t": 1,
      "n_cell": 458,
      "n_total": 4000,
      "n_match": 3945,
      "n_mismatch": 55,
      "n_cell_outside_morph": 0,
      "n_morph_without_cell": 55,
      "mean_match": 0.98625,
      "morphological_health": 0.758124137893158,
      "atp_mean": 38588.41484716157,
      "atp_min": 0.0,
      "atp_max": 99658.0,
      "frac_atp_lt1": 0.05458515283842795,
      "glucose_mean": 50.914847161572055,
      "glucose_min": 17.0,
      "damage_mean": 0.2514924736311974,
      "damage_max": 0.9535377025604248,
      "atp_generated_mean": 50.914847161572055,
      "atp_generated_max": 92.0
    },
    {
      "t": 2,
      "n_cell": 113,
      "n_total": 4000,
      "n_match": 3600,
      "n_mismatch": 400,
      "n_cell_outside_morph": 0,
      "n_morph_without_cell": 400,
      "mean_match": 0.9,
      "morphological_health": 0.12157665459056935,
      "atp_mean": 285.17699115044246,
      "atp_min": 0.0,
      "atp_max": 15719.0,
      "frac_atp_lt1": 0.9557522123893806,
      "glucose_mean": 33.13274336283186,
      "glucose_min": 10.0,
      "damage_mean": 0.3375737494103965,
      "damage_max": 0.9501841068267822,
      "atp_generated_mean": 33.13274336283186,
      "atp_generated_max": 57.0
    },
    {
      "t": 3,
      "n_cell": 92,
      "n_total": 4000,
      "n_match": 3579,
      "n_mismatch": 421,
      "n_cell_outside_morph": 0,
      "n_morph_without_cell": 421,
      "mean_match": 0.89475,
      "morphological_health": 0.10815189695282311,
      "atp_mean": 0.0,
      "atp_min": 0.0,
      "atp_max": 0.0,
      "frac_atp_lt1": 1.0,
      "glucose_mean": 21.467391304347824,
      "glucose_min": 7.0,
      "damage_mean": 0.30576460618138535,
      "damage_max": 0.9920486807823181,
      "atp_generated_mean": 21.467391304347824,
      "atp_generated_max": 38.0
    },
    {
      "t": 4,
      "n_cell": 84,
      "n_total": 4000,
      "n_match": 3571,
      "n_mismatch": 429,
      "n_cell_outside_morph": 0,
      "n_morph_without_cell": 429,
      "mean_match": 0.89275,
      "morphological_health": 0.10341824827265303,
      "atp_mean": 0.0,
      "atp_min": 0.0,
      "atp_max": 0.0,
      "frac_atp_lt1": 1.0,
      "glucose_mean": 14.321428571428571,
      "glucose_min": 5.0,
      "damage_mean": 0.30621900001590674,
      "damage_max": 0.9840200543403625,
      "atp_generated_mean": 14.321428571428571,
      "atp_generated_max": 25.0
    },
    {
      "t": 5,
      "n_cell": 81,
      "n_total": 4000,
      "n_match": 3568,
      "n_mismatch": 432,
      "n_cell_outside_morph": 0,
      "n_morph_without_cell": 432,
      "mean_match": 0.892,
      "morphological_health": 0.10169441152346229,
      "atp_mean": 0.0,
      "atp_min": 0.0,
      "atp_max": 0.0,
      "frac_atp_lt1": 1.0,
      "glucose_mean": 9.45679012345679,
      "glucose_min": 3.0,
      "damage_mean": 0.3232771338029753,
      "damage_max": 0.9848193526268005,
      "atp_generated_mean": 9.45679012345679,
      "atp_generated_max": 17.0
    },
    {
      "t": 6,
      "n_cell": 76,
      "n_total": 4000,
      "n_match": 3563,
      "n_mismatch": 437,
      "n_cell_outside_morph": 0,
      "n_morph_without_cell": 437,
      "mean_match": 0.89075,
      "morphological_health": 0.09888185850156724,
      "atp_mean": 0.0,
      "atp_min": 0.0,
      "atp_max": 0.0,
      "frac_atp_lt1": 1.0,
      "glucose_mean": 6.302631578947368,
      "glucose_min": 2.0,
      "damage_mean": 0.30923195126754427,
      "damage_max": 0.980807363986969,
      "atp_generated_mean": 6.302631578947368,
      "atp_generated_max": 11.0
    },
    {
      "t": 7,
      "n_cell": 75,
      "n_total": 4000,
      "n_match": 3562,
      "n_mismatch": 438,
      "n_cell_outside_morph": 0,
      "n_morph_without_cell": 438,
      "mean_match": 0.8905,
      "morphological_health": 0.09832828761188968,
      "atp_mean": 0.0,
      "atp_min": 0.0,
      "atp_max": 0.0,
      "frac_atp_lt1": 1.0,
      "glucose_mean": 4.24,
      "glucose_min": 1.0,
      "damage_mean": 0.3200493340007961,
      "damage_max": 0.9920111298561096,
      "atp_generated_mean": 4.24,
      "atp_generated_max": 7.0
    },
    {
      "t": 8,
      "n_cell": 73,
      "n_total": 4000,
      "n_match": 3560,
      "n_mismatch": 440,
      "n_cell_outside_morph": 0,
      "n_morph_without_cell": 440,
      "mean_match": 0.89,
      "morphological_health": 0.09722996577908506,
      "atp_mean": 0.0,
      "atp_min": 0.0,
      "atp_max": 0.0,
      "frac_atp_lt1": 1.0,
      "glucose_mean": 2.780821917808219,
      "glucose_min": 1.0,
      "damage_mean": 0.3150640054548491,
      "damage_max": 0.9883871674537659,
      "atp_generated_mean": 2.780821917808219,
      "atp_generated_max": 5.0
    }
  ]
}